asset,test_start,test_end,train_n,test_n,rv_col,rv_pct,regime_threshold,lr_params,rf_params,xgb_params
SPY,2015-01-01,2015-03-31,2497,61,rv_20d,70,0.1720821289587046,{'C': 10.0},"{'max_depth': 10, 'min_samples_leaf': 10, 'n_estimators': 300}","{'learning_rate': 0.1, 'max_depth': 3, 'n_estimators': 100, 'subsample': 0.8}"
SPY,2015-04-01,2015-06-30,2558,63,rv_20d,70,0.17080669381843214,{'C': 10.0},"{'max_depth': 10, 'min_samples_leaf': 10, 'n_estimators': 300}","{'learning_rate': 0.1, 'max_depth': 3, 'n_estimators': 100, 'subsample': 0.8}"
SPY,2015-07-01,2015-09-30,2621,64,rv_20d,70,0.1684064914531894,{'C': 10.0},"{'max_depth': 10, 'min_samples_leaf': 10, 'n_estimators': 300}","{'learning_rate': 0.1, 'max_depth': 3, 'n_estimators': 100, 'subsample': 0.8}"
SPY,2015-10-01,2015-12-31,2685,64,rv_20d,70,0.1695152906013356,{'C': 10.0},"{'max_depth': 10, 'min_samples_leaf': 10, 'n_estimators': 300}","{'learning_rate': 0.1, 'max_depth': 3, 'n_estimators': 100, 'subsample': 0.8}"
SPY,2016-01-01,2016-03-31,2749,61,rv_20d,70,0.1697084458115229,{'C': 10.0},"{'max_depth': 10, 'min_samples_leaf': 10, 'n_estimators': 100}","{'learning_rate': 0.01, 'max_depth': 3, 'n_estimators': 100, 'subsample': 0.8}"
SPY,2016-04-01,2016-06-30,2810,64,rv_20d,70,0.1723906148984738,{'C': 10.0},"{'max_depth': 10, 'min_samples_leaf': 10, 'n_estimators': 100}","{'learning_rate': 0.01, 'max_depth': 3, 'n_estimators': 100, 'subsample': 0.8}"
SPY,2016-07-01,2016-09-30,2874,64,rv_20d,70,0.17082975823113256,{'C': 10.0},"{'max_depth': 10, 'min_samples_leaf': 10, 'n_estimators': 100}","{'learning_rate': 0.01, 'max_depth': 3, 'n_estimators': 100, 'subsample': 0.8}"
SPY,2016-10-01,2016-12-31,2938,63,rv_20d,70,0.17062201185933146,{'C': 10.0},"{'max_depth': 10, 'min_samples_leaf': 10, 'n_estimators': 100}","{'learning_rate': 0.01, 'max_depth': 3, 'n_estimators': 100, 'subsample': 0.8}"
SPY,2017-01-01,2017-03-31,3001,62,rv_20d,70,0.16839833679075872,{'C': 0.01},"{'max_depth': 5, 'min_samples_leaf': 5, 'n_estimators': 100}","{'learning_rate': 0.1, 'max_depth': 3, 'n_estimators': 300, 'subsample': 0.8}"
SPY,2017-04-01,2017-06-30,3063,63,rv_20d,70,0.16729191172349314,{'C': 0.01},"{'max_depth': 5, 'min_samples_leaf': 5, 'n_estimators': 100}","{'learning_rate': 0.1, 'max_depth': 3, 'n_estimators': 300, 'subsample': 0.8}"
SPY,2017-07-01,2017-09-30,3126,63,rv_20d,70,0.16544624148484816,{'C': 0.01},"{'max_depth': 5, 'min_samples_leaf': 5, 'n_estimators': 100}","{'learning_rate': 0.1, 'max_depth': 3, 'n_estimators': 300, 'subsample': 0.8}"
SPY,2017-10-01,2017-12-31,3189,63,rv_20d,70,0.16367663303031302,{'C': 0.01},"{'max_depth': 5, 'min_samples_leaf': 5, 'n_estimators': 100}","{'learning_rate': 0.1, 'max_depth': 3, 'n_estimators': 300, 'subsample': 0.8}"
SPY,2018-01-01,2018-03-31,3252,61,rv_20d,70,0.16201351780360732,{'C': 0.1},"{'max_depth': 5, 'min_samples_leaf': 5, 'n_estimators': 100}","{'learning_rate': 0.01, 'max_depth': 5, 'n_estimators': 300, 'subsample': 0.8}"
SPY,2018-04-01,2018-06-30,3313,64,rv_20d,70,0.1629583956014484,{'C': 0.1},"{'max_depth': 5, 'min_samples_leaf': 5, 'n_estimators': 100}","{'learning_rate': 0.01, 'max_depth': 5, 'n_estimators': 300, 'subsample': 0.8}"
SPY,2018-07-01,2018-09-30,3377,63,rv_20d,70,0.16300033217944607,{'C': 0.1},"{'max_depth': 5, 'min_samples_leaf': 5, 'n_estimators': 100}","{'learning_rate': 0.01, 'max_depth': 5, 'n_estimators': 300, 'subsample': 0.8}"
SPY,2018-10-01,2018-12-31,3440,63,rv_20d,70,0.16123461945496784,{'C': 0.1},"{'max_depth': 5, 'min_samples_leaf': 5, 'n_estimators': 100}","{'learning_rate': 0.01, 'max_depth': 5, 'n_estimators': 300, 'subsample': 0.8}"
SPY,2019-01-01,2019-03-31,3503,61,rv_20d,70,0.1641534473858689,{'C': 0.1},"{'max_depth': 3, 'min_samples_leaf': 10, 'n_estimators': 100}","{'learning_rate': 0.01, 'max_depth': 5, 'n_estimators': 300, 'subsample': 0.8}"
SPY,2019-04-01,2019-06-30,3564,63,rv_20d,70,0.16436952173356578,{'C': 0.1},"{'max_depth': 3, 'min_samples_leaf': 10, 'n_estimators': 100}","{'learning_rate': 0.01, 'max_depth': 5, 'n_estimators': 300, 'subsample': 0.8}"
SPY,2019-07-01,2019-09-30,3627,64,rv_20d,70,0.16312223314523733,{'C': 0.1},"{'max_depth': 3, 'min_samples_leaf': 10, 'n_estimators': 100}","{'learning_rate': 0.01, 'max_depth': 5, 'n_estimators': 300, 'subsample': 0.8}"
SPY,2019-10-01,2019-12-31,3691,64,rv_20d,70,0.16358122410850742,{'C': 0.1},"{'max_depth': 3, 'min_samples_leaf': 10, 'n_estimators': 100}","{'learning_rate': 0.01, 'max_depth': 5, 'n_estimators': 300, 'subsample': 0.8}"
SPY,2020-01-01,2020-03-31,3755,62,rv_20d,70,0.1620251014223604,{'C': 0.1},"{'max_depth': 3, 'min_samples_leaf': 5, 'n_estimators': 100}","{'learning_rate': 0.1, 'max_depth': 3, 'n_estimators': 300, 'subsample': 0.8}"
SPY,2020-04-01,2020-06-30,3817,63,rv_20d,70,0.1626977610420446,{'C': 0.1},"{'max_depth': 3, 'min_samples_leaf': 5, 'n_estimators': 100}","{'learning_rate': 0.1, 'max_depth': 3, 'n_estimators': 300, 'subsample': 0.8}"
SPY,2020-07-01,2020-09-30,3880,64,rv_20d,70,0.1664000075455599,{'C': 0.1},"{'max_depth': 3, 'min_samples_leaf': 5, 'n_estimators': 100}","{'learning_rate': 0.1, 'max_depth': 3, 'n_estimators': 300, 'subsample': 0.8}"
SPY,2020-10-01,2020-12-31,3944,64,rv_20d,70,0.1677667573149613,{'C': 0.1},"{'max_depth': 3, 'min_samples_leaf': 5, 'n_estimators': 100}","{'learning_rate': 0.1, 'max_depth': 3, 'n_estimators': 300, 'subsample': 0.8}"
SPY,2021-01-01,2021-03-31,4008,61,rv_20d,70,0.16852802384117282,{'C': 0.1},"{'max_depth': 10, 'min_samples_leaf': 10, 'n_estimators': 100}","{'learning_rate': 0.1, 'max_depth': 5, 'n_estimators': 300, 'subsample': 0.8}"
SPY,2021-04-01,2021-06-30,4069,63,rv_20d,70,0.16854224595677372,{'C': 0.1},"{'max_depth': 10, 'min_samples_leaf': 10, 'n_estimators': 100}","{'learning_rate': 0.1, 'max_depth': 5, 'n_estimators': 300, 'subsample': 0.8}"
SPY,2021-07-01,2021-09-30,4132,64,rv_20d,70,0.16785115661399472,{'C': 0.1},"{'max_depth': 10, 'min_samples_leaf': 10, 'n_estimators': 100}","{'learning_rate': 0.1, 'max_depth': 5, 'n_estimators': 300, 'subsample': 0.8}"
SPY,2021-10-01,2021-12-31,4196,64,rv_20d,70,0.16654565825226214,{'C': 0.1},"{'max_depth': 10, 'min_samples_leaf': 10, 'n_estimators': 100}","{'learning_rate': 0.1, 'max_depth': 5, 'n_estimators': 300, 'subsample': 0.8}"
SPY,2022-01-01,2022-03-31,4260,62,rv_20d,70,0.1664000075455599,{'C': 10.0},"{'max_depth': 10, 'min_samples_leaf': 5, 'n_estimators': 100}","{'learning_rate': 0.1, 'max_depth': 5, 'n_estimators': 300, 'subsample': 0.8}"
SPY,2022-04-01,2022-06-30,4322,62,rv_20d,70,0.16810907446481146,{'C': 10.0},"{'max_depth': 10, 'min_samples_leaf': 5, 'n_estimators': 100}","{'learning_rate': 0.1, 'max_depth': 5, 'n_estimators': 300, 'subsample': 0.8}"
SPY,2022-07-01,2022-09-30,4384,64,rv_20d,70,0.17074138085150883,{'C': 10.0},"{'max_depth': 10, 'min_samples_leaf': 5, 'n_estimators': 100}","{'learning_rate': 0.1, 'max_depth': 5, 'n_estimators': 300, 'subsample': 0.8}"
SPY,2022-10-01,2022-12-31,4448,63,rv_20d,70,0.17295802598041693,{'C': 10.0},"{'max_depth': 10, 'min_samples_leaf': 5, 'n_estimators': 100}","{'learning_rate': 0.1, 'max_depth': 5, 'n_estimators': 300, 'subsample': 0.8}"
SPY,2023-01-01,2023-03-31,4511,62,rv_20d,70,0.17599528980690665,{'C': 10.0},"{'max_depth': 10, 'min_samples_leaf': 10, 'n_estimators': 300}","{'learning_rate': 0.1, 'max_depth': 3, 'n_estimators': 300, 'subsample': 0.8}"
SPY,2023-04-01,2023-06-30,4573,62,rv_20d,70,0.17644689623816676,{'C': 10.0},"{'max_depth': 10, 'min_samples_leaf': 10, 'n_estimators': 300}","{'learning_rate': 0.1, 'max_depth': 3, 'n_estimators': 300, 'subsample': 0.8}"
SPY,2023-07-01,2023-09-30,4635,63,rv_20d,70,0.17525124788467186,{'C': 10.0},"{'max_depth': 10, 'min_samples_leaf': 10, 'n_estimators': 300}","{'learning_rate': 0.1, 'max_depth': 3, 'n_estimators': 300, 'subsample': 0.8}"
SPY,2023-10-01,2023-12-31,4698,63,rv_20d,70,0.17384605645464066,{'C': 10.0},"{'max_depth': 10, 'min_samples_leaf': 10, 'n_estimators': 300}","{'learning_rate': 0.1, 'max_depth': 3, 'n_estimators': 300, 'subsample': 0.8}"
SPY,2024-01-01,2024-03-31,4761,61,rv_20d,70,0.17269875221309441,{'C': 10.0},"{'max_depth': 10, 'min_samples_leaf': 10, 'n_estimators': 100}","{'learning_rate': 0.1, 'max_depth': 5, 'n_estimators': 100, 'subsample': 0.8}"
SPY,2024-04-01,2024-06-30,4822,63,rv_20d,70,0.171755427282125,{'C': 10.0},"{'max_depth': 10, 'min_samples_leaf': 10, 'n_estimators': 100}","{'learning_rate': 0.1, 'max_depth': 5, 'n_estimators': 100, 'subsample': 0.8}"
SPY,2024-07-01,2024-09-30,4885,64,rv_20d,70,0.17081583110582396,{'C': 10.0},"{'max_depth': 10, 'min_samples_leaf': 10, 'n_estimators': 100}","{'learning_rate': 0.1, 'max_depth': 5, 'n_estimators': 100, 'subsample': 0.8}"
SPY,2024-10-01,2024-12-31,4949,64,rv_20d,70,0.1708298675779357,{'C': 10.0},"{'max_depth': 10, 'min_samples_leaf': 10, 'n_estimators': 100}","{'learning_rate': 0.1, 'max_depth': 5, 'n_estimators': 100, 'subsample': 0.8}"
SPY,2025-01-01,2025-03-31,5013,60,rv_20d,70,0.1694328349771196,{'C': 10.0},"{'max_depth': 10, 'min_samples_leaf': 5, 'n_estimators': 300}","{'learning_rate': 0.1, 'max_depth': 3, 'n_estimators': 300, 'subsample': 0.8}"
SPY,2025-04-01,2025-06-30,5073,62,rv_20d,70,0.1696317778200898,{'C': 10.0},"{'max_depth': 10, 'min_samples_leaf': 5, 'n_estimators': 300}","{'learning_rate': 0.1, 'max_depth': 3, 'n_estimators': 300, 'subsample': 0.8}"
SPY,2025-07-01,2025-09-30,5135,64,rv_20d,70,0.17081583110582396,{'C': 10.0},"{'max_depth': 10, 'min_samples_leaf': 5, 'n_estimators': 300}","{'learning_rate': 0.1, 'max_depth': 3, 'n_estimators': 300, 'subsample': 0.8}"
SPY,2025-10-01,2025-12-31,5199,63,rv_20d,70,0.1694204589157906,{'C': 10.0},"{'max_depth': 10, 'min_samples_leaf': 5, 'n_estimators': 300}","{'learning_rate': 0.1, 'max_depth': 3, 'n_estimators': 300, 'subsample': 0.8}"
